{
  "comment": "Feel free to change this template scene however you want",
  "cameraAngle": [0.18, -0.22, 0.1],
  "lights": [
    {
      "pos": [-20, 40, -30],
      "color": [1, 1, 1],
      "intensity": 80,
      "attenuate": 1
    },
    {
      "pos": [40, 40, -30],
      "color": [1, 1, 1],
      "intensity": 40,
      "attenuate": 1
    }
  ],
  "objects": [
    {
      "comment": "// the bottom of the cornell box",
      "type": "plane",
      "normal": [0, -1, 0],
      "dist": 15,
      "material": {
        "type": "PHONG_MATERIAL",
        "color": [0.7, 0.7, 0.7],
        "shininess": 500,
        "special": "CHECKERBOARD"
      }
    },
    {
      "comment": "// the bottom sphere of the snowman",
      "type": "sphere",
      "center": [0, -15, 15],
      "radius": 10,
      "material": {
        "type": "PHONG_MATERIAL",
        "color": [1, 1, 1],
        "shininess": 10,
        "specular": [0.2, 0.2, 0.2]
      }
    },
    {
      "comment": "// the middle sphere of the snowman",
      "type": "sphere",
      "center": [0, -5, 15],
      "radius": 7.5,
      "material": {
        "type": "PHONG_MATERIAL",
        "color": [1, 1, 1],
        "shininess": 10,
        "specular": [0.2, 0.2, 0.2]
      }
    },
    {
      "comment": "// the top sphere of the snowman",
      "type": "sphere",
      "center": [0, 3, 15],
      "radius": 5,
      "material": {
        "type": "PHONG_MATERIAL",
        "color": [1, 1, 1],
        "shininess": 10,
        "specular": [0.2, 0.2, 0.2]
      }
    },
    {
      "comment": "// the eye",
      "type": "sphere",
      "center": [-1, 6, 11],
      "radius": 0.5,
      "material": {
        "type": "PHONG_MATERIAL",
        "color": [0, 0, 0],
        "shininess": 100,
        "specular": [0.9, 0.9, 0.9]
      }
    },
    {
      "comment": "// the right eye",
      "type": "sphere",
      "center": [1, 6, 11],
      "radius": 0.5,
      "material": {
        "type": "PHONG_MATERIAL",
        "color": [0, 0, 0],
        "shininess": 100,
        "specular": [0.9, 0.9, 0.9]
      }
    },
    {
      "comment": "// the nose",
      "type": "cone",
      "topCenter": [0, 4, 8],
      "bottomCenter": [0, 4, 11],
      "radius": 1,
      "material": {
        "type": "PHONG_MATERIAL",
        "color": [1, 0.65, 0],
        "shininess": 10,
        "specular": [0.5, 0.5, 0.5]
      }
    }
  ]
}
